<Settings>
 <Version>
  <VersionNumber>1.2.1</VersionNumber>
 </Version>
 <Configs>
  <Config Name = "T0">
    <AccountOUDN>OU=AdminAccounts,OU=Tier0,OU=Admin</AccountOUDN>
    <PasswordLength>16</PasswordLength>
    <GroupMemberShips>
     <GroupMemberShip>Domain Admins</GroupMemberShip>
    </GroupMemberShips>
  </Config>
  <Config Name = "T1">
    <AccountOUDN>OU=AdminAccounts,OU=Tier1,OU=Admin</AccountOUDN>
    <PasswordLength>16</PasswordLength>
    <GroupMemberShips>
     <GroupMemberShip>Domain Tier1 Jumpstation Admins</GroupMemberShip>
    </GroupMemberShips>
  </Config>
  <Config Name = "T1L">
    <AccountOUDN>OU=AdminAccounts,OU=Tier1,OU=Admin</AccountOUDN>
    <PasswordLength>16</PasswordLength>
    <GroupMemberShips>
     <GroupMemberShip>Domain Tier1 JumpstationLimited Remote Desktop Users</GroupMemberShip>
    </GroupMemberShips>
  </Config>
  <Config Name = "T2">
    <AccountOUDN>OU=AdminAccounts,OU=Tier2,OU=Admin</AccountOUDN>
    <PasswordLength>16</PasswordLength>
    <GroupMemberShips>
     <GroupMemberShip>Domain Tier2 Jumpstation Admins</GroupMemberShip>
    </GroupMemberShips>
  </Config>
  <Config Name = "T2L">
    <AccountOUDN>OU=AdminAccounts,OU=Tier2,OU=Admin</AccountOUDN>
    <PasswordLength>16</PasswordLength>
    <GroupMemberShips>
     <GroupMemberShip>Domain Tier2 JumpstationLimited Remote Desktop Users</GroupMemberShip>
    </GroupMemberShips>
  </Config>
  <Config Name = "TE">
    <AccountOUDN>OU=AdminAccounts,OU=TierEndpoints,OU=Admin</AccountOUDN>
    <PasswordLength>16</PasswordLength>
    <GroupMemberShips>
     <GroupMemberShip>Domain TierEndpoints Jumpstation Remote Desktop Users</GroupMemberShip>
    </GroupMemberShips>
  </Config>
  <Config Name = "CON">
    <AccountOUDN>OU=ConnectionAccounts,OU=Admin</AccountOUDN>
    <PasswordLength>14</PasswordLength>
    <GroupMemberShips>
     <GroupMemberShip>Domain ConnectionAccounts</GroupMemberShip>
    </GroupMemberShips>
  </Config>
  <Config Name = "User">
    <AccountOUDN>OU=AdminAccounts,OU=Tier0,OU=Admin</AccountOUDN>
    <PasswordLength>14</PasswordLength>
    <GroupMemberShips>
     <GroupMemberShip>Domain Tier1 Jumpstation Admins</GroupMemberShip>
    </GroupMemberShips>
  </Config>
  <Config Name = "T0SVC">
    <AccountOUDN>OU=ServiceAccounts,OU=Tier0,OU=Admin</AccountOUDN>
    <PasswordLength>24</PasswordLength>
    <GroupMemberShips>
     <GroupMemberShip>Domain Tier0 Service accounts</GroupMemberShip>
    </GroupMemberShips>
  </Config>
  <Config Name = "T1SVC">
    <AccountOUDN>OU=ServiceAccounts,OU=Tier1,OU=Admin</AccountOUDN>
    <PasswordLength>24</PasswordLength>
    <GroupMemberShips>
     <GroupMemberShip>Domain Tier1 Service accounts</GroupMemberShip>
    </GroupMemberShips>
  </Config>
  <Config Name = "T2SVC">
    <AccountOUDN>OU=ServiceAccounts,OU=Tier2,OU=Admin</AccountOUDN>
    <PasswordLength>24</PasswordLength>
    <GroupMemberShips>
     <GroupMemberShip>Domain Tier2 Service accounts</GroupMemberShip>
    </GroupMemberShips>
  </Config>
  <Config Name = "TESVC">
    <AccountOUDN>OU=ServiceAccounts,OU=TierEndpoints,OU=Admin</AccountOUDN>
    <PasswordLength>24</PasswordLength>
    <GroupMemberShips>
     <GroupMemberShip>Domain TierEndpoints Service accounts</GroupMemberShip>
    </GroupMemberShips>
  </Config>
 </Configs>
</Settings>